[
  {
    "path": "posts/welcome/",
    "title": "Bienvenido a mi blog",
    "description": "Espero que puedas encontrar material interesante :)",
    "author": [
      {
        "name": "Yhon Tiahuallpa",
        "url": {}
      }
    ],
    "date": "2020-12-27",
    "categories": [],
    "contents": "\nComo estudiante de Ingeniería Estadística he ido acumulando trabajos, materiales de ayuda para los cursos, y algunas opiniones; este blog es un intento de cerrar mis propios circulos.\n\n\n\n",
    "preview": {},
    "last_modified": "2020-12-27T01:24:56+00:00",
    "input_file": "welcome.utf8.md"
  }
]
